Halloween-2015,https://forblitz.ru/wp-content/uploads/2024/06/hangar_helloween2014-1_pc_wg.zip
Halloween-2016,https://forblitz.ru/wp-content/uploads/2023/12/hangar_helloween_2016-1_pc_wg.zip
Halloween-2017,https://forblitz.ru/wp-content/uploads/2023/12/hangar_hell_2017-1_pc_wg.zip
Halloween-2018,https://forblitz.ru/wp-content/uploads/2023/12/hangar_hell_2018_20-1_pc_wg.zip
Halloween-2019,https://forblitz.ru/wp-content/uploads/2023/12/hangar_halloween2019_uni_pc_wg.zip
Halloween-2021,https://forblitz.ru/wp-content/uploads/2023/12/hangar_hell_21-1_pc_wg.zip
Halloween-2022,https://forblitz.ru/wp-content/uploads/2023/12/hangar_hell_22-1_pc_wg.zip
Old,https://forblitz.ru/wp-content/uploads/2024/07/hangarlow4-1_pc_wg.zip
2018-Premium,https://forblitz.ru/wp-content/uploads/2024/07/hangar_prem_2018-1_pc_wg.zip
Cave,https://forblitz.ru/wp-content/uploads/2023/10/hangar_peshera_igr-1_pc_wg.zip
Midlburg,https://forblitz.ru/wp-content/uploads/2023/09/midlburg-1_pc_wg.zip
Forest-2020,https://forblitz.ru/wp-content/uploads/2024/05/hangar_9may_2020-1_pc_wg.zip
Holland,https://forblitz.ru/wp-content/uploads/2024/09/holland_new-1_pc_wg.zip
Square,https://forblitz.ru/wp-content/uploads/2024/05/hangar_9may_2015-1_pc_wg.zip
28-days-later,https://blitz-mods.com/mod/hangars/28-days-later-32/download/pc-wg/file?_token=x=0
Spookwood-Forest,https://blitz-mods.com/mod/hangars/spookwood-forest-29/download/pc-wg/file?_token=x=0
Minimalistic,https://blitz-mods.com/mod/hangars/minimalistic-1-52/download/pc-wg/file?_token=x=0
Yamato-Evening,https://forblitz.ru/wp-content/uploads/2023/10/yamato-evening-1_pc_wg.zip
Yamato-Night,https://forblitz.ru/wp-content/uploads/2023/10/yamato-night-1_pc_wg.zip
Yamato-Day,https://forblitz.ru/wp-content/uploads/2023/10/yamato-day-1_pc_wg.zip
